Sheet,SKU Code,Design Name,Image Type,Image Filename,Image Order
2,VIT-60120-8.50-GLO-MAR-WHIT-066,ADIGE CREMA,Mockup,ADIGE CREMA.jpg,1
2,VIT-60120-8.50-GLO-MAR-WHIT-067,ADIGE GREY,Mockup,ADIGE GREY .jpg,1
2,VIT-60120-8.50-GLO-MAR-WHIT-068,ADIGE LUREL,Mockup,ADIGE LUREL.jpg,1
2,VIT-60120-8.50-GLO-MAR-WHIT-069,ADIGE MINK,Mockup,ADIGE MINK.jpg,1
2,VIT-60120-8.50-GLO-MAR-WHIT-070,ALBANION BROWN,Mockup,ALBANION BROWN.jpg,1
2,VIT-60120-8.50-GLO-MAR-WHIT-071,ALBANION CREMA,Mockup,ALBANION CREMA.jpg,1
2,VIT-60120-8.50-GLO-MAR-WHIT-072,ALBANION IRON,Mockup,ALBANION IRON.jpg,1
2,VIT-60120-8.50-GLO-MAR-WHIT-073,ALBANION PLATINUM,Mockup,ALBANION PLATINUM.jpg,1
2,VIT-60120-8.50-GLO-MAR-WHIT-074,AMARO CREAM,Mockup,AMARO CREAM.jpg,1
2,VIT-60120-8.50-GLO-MAR-WHIT-075,AMIGO SMOKE,Mockup,AMIGO SMOKE.jpg,1
2,VIT-60120-8.50-GLO-MAR-WHIT-076,ANLAYA,Mockup,ANLAYA.jpg,1
2,VIT-60120-8.50-GLO-MAR-WHIT-077,ANTOLIA CREMA,Mockup,ANTOLIA CREMA.jpg,1
2,VIT-60120-8.50-GLO-MAR-WHIT-078,ANTRESIT GREY,Mockup,ANTRESIT GREY.jpg,1
2,VIT-60120-8.50-GLO-MAR-WHIT-079,ANTRESIT NATURAL,Mockup,ANTRESIT NATURAL.jpg,1
2,VIT-60120-8.50-GLO-MAR-WHIT-080,ARAVALI BROWN,Mockup,ARAVALI BROWN.jpg,1
2,VIT-60120-8.50-GLO-MAR-WHIT-081,ARAVALI NATURAL,Mockup,ARAVALI NATURAL.jpg,1
2,VIT-60120-8.50-GLO-MAR-WHIT-082,ARS BEIGE,Mockup,ARS BEIGE.jpg,1
2,VIT-60120-8.50-GLO-MAR-WHIT-083,ARS BIANCO,Mockup,ARS BIANCO.jpg,1
2,VIT-60120-8.50-GLO-MAR-WHIT-084,ARS CREMA,Mockup,ARS CREMA.jpg,1
2,VIT-60120-8.50-GLO-MAR-WHIT-085,ARS GREY,Mockup,ARS GREY.jpg,1
2,VIT-60120-8.50-GLO-MAR-WHIT-086,AZALIA IVORY,Mockup,AZALIA IVORY.jpg,1
2,VIT-60120-8.50-GLO-MAR-WHIT-087,AZALIA NATURAL,Mockup,AZALIA NATURAL.jpg,1
2,VIT-60120-8.50-GLO-MAR-WHIT-088,AZALIA SILVER,Mockup,AZALIA SILVER.jpg,1
2,VIT-60120-8.50-GLO-MAR-WHIT-089,BAYAZ BIANCO,Mockup,BAYAZ BIANCO.jpg,1
2,VIT-60120-8.50-GLO-MAR-WHIT-090,BISAZZA GREY,Mockup,BISAZZA GREY.jpg,1
2,VIT-60120-8.50-GLO-MAR-WHIT-091,BISAZZA NATURAL,Mockup,BISAZZA NATURAL.jpg,1
2,VIT-60120-8.50-GLO-MAR-WHIT-092,BOUTIQUE BEIGE,Mockup,BOUTIQUE BEIGE.jpg,1
2,VIT-60120-8.50-GLO-MAR-WHIT-093,BRECCIA ARRORA,Mockup,BRECCIA ARRORA.jpg,1
2,VIT-60120-8.50-GLO-MAR-WHIT-094,CARNICA ROYAL BIANCO,Mockup,CARNICA ROYAL BIANCO.jpg,1
2,VIT-60120-8.50-GLO-MAR-WHIT-095,CARNICA ROYAL GREY,Mockup,CARNICA ROYAL GREY.jpg,1
2,VIT-60120-8.50-GLO-MAR-WHIT-096,CICILIA BROWN,Mockup,CICILIA BROWN.jpg,1
2,VIT-60120-8.50-GLO-MAR-WHIT-097,CRYSTAL TRAVERTINO BEIGE,Mockup,CRYSTAL TRAVERTINO BEIGE.jpg,1
2,VIT-60120-8.50-GLO-MAR-WHIT-098,CRYSTAL TRAVERTINO BROWN,Mockup,CRYSTAL TRAVERTINO BROWN.jpg,1
2,VIT-60120-8.50-GLO-MAR-WHIT-099,DAKOTA BEIGE,Mockup,DAKOTA BEIGE.jpg,1
2,VIT-60120-8.50-GLO-MAR-WHIT-100,DYNA BROWN,Mockup,DYNA BROWN.jpg,1
2,VIT-60120-8.50-GLO-MAR-WHIT-101,DYNA CAMRY DARK,Mockup,DYNA CAMRY DARK.jpg,1
2,VIT-60120-8.50-GLO-MAR-WHIT-102,DYNA CAMRY LIGHT,Mockup,DYNA CAMRY LIGHT.jpg,1
2,VIT-60120-8.50-GLO-MAR-WHIT-103,DYNA CHARMIS,Mockup,DYNA CHARMIS.jpg,1
2,VIT-60120-8.50-GLO-MAR-WHIT-104,DYNA FANTASTICO,Mockup,DYNA FANTASTICO LIGHT.jpg,1
2,VIT-60120-8.50-GLO-MAR-WHIT-105,DYNA GREY,Mockup,DYNA GREY.jpg,1
2,VIT-60120-8.50-GLO-MAR-WHIT-106,DYNA_CLASSIC_IVORY,Mockup,DYNA_CLASSIC_IVORY.jpg,1
2,VIT-60120-8.50-GLO-MAR-WHIT-107,ELENTA BEIGE,Mockup,ELENTA BEIGE.jpg,1
2,VIT-60120-8.50-GLO-MAR-WHIT-108,ELENTA WHITE,Mockup,ELENTA WHITE.jpg,1
2,VIT-60120-8.50-GLO-MAR-WHIT-109,EMPRO PATARA BIANCO,Mockup,EMPRO PATARA BIANCO.jpg,1
2,VIT-60120-8.50-GLO-MAR-WHIT-110,EMPRO PATARA GREY,Mockup,EMPRO PATARA GREY.jpg,1
2,VIT-60120-8.50-GLO-MAR-WHIT-111,ERIAM BIANCO,Mockup,ERIAM BIANCO.jpg,1
2,VIT-60120-8.50-GLO-MAR-WHIT-112,ERIAM NATURAL,Mockup,ERIAM NATURAL.jpg,1
2,VIT-60120-8.50-GLO-MAR-WHIT-113,EXOTIC RIVER,Mockup,EXOTIC RIVER.jpg,1
2,VIT-60120-8.50-GLO-MAR-WHIT-114,EXTRANAL STONE,Mockup,EXTRANAL STONE.jpg,1
2,VIT-60120-8.50-GLO-MAR-WHIT-115,FARON BEIGE,Mockup,FARON BEIGE.jpg,1
2,VIT-60120-8.50-GLO-MAR-WHIT-116,FARON BIANCO,Mockup,FARON BIANCO.jpg,1
2,VIT-60120-8.50-GLO-MAR-WHIT-117,FARON NATURAL,Mockup,FARON NATURAL.jpg,1
2,VIT-60120-8.50-GLO-MAR-WHIT-118,GILITER BROWN,Mockup,GILITER BROWN.jpg,1
2,VIT-60120-8.50-GLO-MAR-WHIT-119,GILITER CREMA,Mockup,GILITER CREMA.jpg,1
2,VIT-60120-8.50-GLO-MAR-WHIT-120,GOTTINA GREY,Mockup,GOTTINA GREY.jpg,1
2,VIT-60120-8.50-GLO-MAR-WHIT-121,GRAND CLASSIC BLUE,Mockup,GRAND CLASSIC BLUE.jpg,1
2,VIT-60120-8.50-GLO-MAR-WHIT-122,GRAND CLASSIC BROWN,Mockup,GRAND CLASSIC BROWN.jpg,1
2,VIT-60120-8.50-GLO-MAR-WHIT-123,HARVEST BEIGE,Mockup,HARVEST BEIGE.jpg,1
2,VIT-60120-8.50-GLO-MAR-WHIT-124,HARVEST BIANCO,Mockup,HARVEST BIANCO.jpg,1
2,VIT-60120-8.50-GLO-MAR-WHIT-125,ICOINC WHITE,Mockup,ICOINC WHITE.jpg,1
2,VIT-60120-8.50-GLO-MAR-WHIT-126,ILLUSION NATURAL,Mockup,ILLUSION NATURAL.jpg,1
2,VIT-60120-8.50-GLO-MAR-WHIT-127,ILLUSION OCHRE,Mockup,ILLUSION OCHRE.jpg,1
2,VIT-60120-8.50-GLO-MAR-WHIT-128,ILLUSION PEACH,Mockup,ILLUSION PEACH.jpg,1
2,VIT-60120-8.50-GLO-MAR-WHIT-129,ILLUSION RIVER,Mockup,ILLUSION RIVER.jpg,1
2,VIT-60120-8.50-GLO-MAR-WHIT-130,IMPERIAL GREY,Mockup,IMPERIAL GREY.jpg,1
2,VIT-60120-8.50-GLO-MAR-WHIT-131,IMPERIAL SMOKY,Mockup,IMPERIAL SMOKY.jpg,1
2,VIT-60120-8.50-GLO-MAR-WHIT-132,JERICO PULPIS BEIGE,Mockup,JERICO PULPIS BEIGE.jpg,1
2,VIT-60120-8.50-GLO-MAR-WHIT-133,JERICO PULPIS BIANCO,Mockup,JERICO PULPIS BIANCO.jpg,1
2,VIT-60120-8.50-GLO-MAR-WHIT-134,JERICO PULPIS BROWN,Mockup,JERICO PULPIS BROWN.jpg,1
2,VIT-60120-8.50-GLO-MAR-WHIT-135,JERICO PULPIS BRUNO,Mockup,JERICO PULPIS BRUNO.jpg,1
2,VIT-60120-8.50-GLO-MAR-WHIT-136,JERICO PULPIS CREMA,Mockup,JERICO PULPIS CREMA.jpg,1
2,VIT-60120-8.50-GLO-MAR-WHIT-137,JERICO PULPIS GREY,Mockup,JERICO PULPIS GREY.jpg,1
2,VIT-60120-8.50-GLO-MAR-WHIT-138,LAVANTA,Mockup,LAVANTA.jpg,1
2,VIT-60120-8.50-GLO-MAR-WHIT-139,LETINA,Mockup,LETINA.jpg,1
2,VIT-60120-8.50-GLO-MAR-WHIT-140,LIMA BIANCO,Mockup,LIMA BIANCO.jpg,1
2,VIT-60120-8.50-GLO-MAR-WHIT-141,LIMA BROWN,Mockup,LIMA BROWN.jpg,1
2,VIT-60120-8.50-GLO-MAR-WHIT-142,LIMA CREMA,Mockup,LIMA CREMA.jpg,1
2,VIT-60120-8.50-GLO-MAR-WHIT-143,LIMA GREY,Mockup,LIMA GREY.jpg,1
2,VIT-60120-8.50-GLO-MAR-WHIT-144,LIME STONE CREMA,Mockup,LIME STONE CREMA.jpg,1
2,VIT-60120-8.50-GLO-MAR-WHIT-145,MACAUBAS FANTASY BIANCO,Mockup,MACAUBAS FANTASY BIANCO.jpg,1
2,VIT-60120-8.50-GLO-MAR-WHIT-146,MACAUBAS FANTASY GREY,Mockup,MACAUBAS FANTASY GREY.jpg,1
2,VIT-60120-8.50-GLO-MAR-WHIT-147,MARKINA BROWN,Mockup,MARKINA BROWN.jpg,1
2,VIT-60120-8.50-GLO-MAR-WHIT-148,MARMI AZURE,Mockup,MARMI AZURE.jpg,1
2,VIT-60120-8.50-GLO-MAR-WHIT-149,MARMI BEIGE,Mockup,MARMI BEIGE.jpg,1
2,VIT-60120-8.50-GLO-MAR-WHIT-150,MARMI BIANCO,Mockup,MARMI BIANCO.jpg,1
2,VIT-60120-8.50-GLO-MAR-WHIT-151,MARMI BRUNO,Mockup,MARMI BRUNO.jpg,1
2,VIT-60120-8.50-GLO-MAR-WHIT-152,MELTONE BIANCO,Mockup,MELTONE BIANCO.jpg,1
2,VIT-60120-8.50-GLO-MAR-WHIT-153,MORADIYA BEIGE,Mockup,MORADIYA BEIGE.jpg,1
2,VIT-60120-8.50-GLO-MAR-WHIT-154,MORADIYA GREY,Mockup,MORADIYA GREY.jpg,1
2,VIT-60120-8.50-GLO-MAR-WHIT-155,MORADIYA IVORY,Mockup,MORADIYA IVORY.jpg,1
2,VIT-60120-8.50-GLO-MAR-WHIT-156,MORADIYA WHITE,Mockup,MORADIYA WHITE.jpg,1
2,VIT-60120-8.50-GLO-MAR-WHIT-157,ONYX OMANI BEIGE,Mockup,ONYX OMANI BEIGE.jpg,1
2,VIT-60120-8.50-GLO-MAR-WHIT-158,ONYX OMANI SILVER,Mockup,ONYX OMANI SILVER.jpg,1
2,VIT-60120-8.50-GLO-MAR-WHIT-159,PICASSO BIANCO,Mockup,PICASSO BIANCO.jpg,1
2,VIT-60120-8.50-GLO-MAR-WHIT-160,PICASSO GREY,Mockup,PICASSO GREY.jpg,1
2,VIT-60120-8.50-GLO-MAR-WHIT-161,PLAZMA NATURAL,Mockup,PLAZMA NATURAL.jpg,1
2,VIT-60120-8.50-GLO-MAR-WHIT-162,QUA BEIGE,Mockup,QUA BEIGE.jpg,1
2,VIT-60120-8.50-GLO-MAR-WHIT-163,QUA BROWN,Mockup,QUA BROWN.jpg,1
2,VIT-60120-8.50-GLO-MAR-WHIT-164,QUA NATURAL,Mockup,QUA NATURAL.jpg,1
2,VIT-60120-8.50-GLO-MAR-WHIT-165,ROCK ARMANI BIANCO,Mockup,ROCK ARMANI BIANCO.jpg,1
2,VIT-60120-8.50-GLO-MAR-WHIT-166,ROCK ARMANI GREY,Mockup,ROCK ARMANI GREY.jpg,1
2,VIT-60120-8.50-GLO-MAR-WHIT-167,ROCK ROYAL BEIGE,Mockup,ROCK ROYAL BEIGE.jpg,1
2,VIT-60120-8.50-GLO-MAR-WHIT-168,ROCK ROYAL BIANCO,Mockup,ROCK ROYAL BIANCO.jpg,1
2,VIT-60120-8.50-GLO-MAR-WHIT-169,ROCK ROYAL BROWN,Mockup,ROCK ROYAL BROWN.jpg,1
2,VIT-60120-8.50-GLO-MAR-WHIT-170,ROCK ROYAL GREY,Mockup,ROCK ROYAL GREY.jpg,1
2,VIT-60120-8.50-GLO-MAR-WHIT-171,ROME GREY,Mockup,ROME GREY.jpg,1
2,VIT-60120-8.50-GLO-MAR-WHIT-172,ROME IVORY,Mockup,ROME IVORY.jpg,1
2,VIT-60120-8.50-GLO-MAR-WHIT-173,SATORI CREMA,Mockup,SATORI CREMA.jpg,1
2,VIT-60120-8.50-GLO-MAR-WHIT-174,SATORI GREY,Mockup,SATORI GREY.jpg,1
2,VIT-60120-8.50-GLO-MAR-WHIT-175,SHG HARVEST GREY,Mockup,SHG HARVEST GREY.jpg,1
2,VIT-60120-8.50-GLO-MAR-WHIT-176,SHG HARVEST NATURAL,Mockup,SHG HARVEST NATURAL.jpg,1
2,VIT-60120-8.50-GLO-MAR-WHIT-177,SHG MARKINA OLIVE,Mockup,SHG MARKINA OLIVE.jpg,1
2,VIT-60120-8.50-GLO-MAR-WHIT-178,SHG_PLAZMA BROWN,Mockup,SHG_PLAZMA BROWN.jpg,1
2,VIT-60120-8.50-GLO-MAR-WHIT-179,SHG_TERACON BLACK,Mockup,SHG_TERACON BLACK.jpg,1
2,VIT-60120-8.50-GLO-MAR-WHIT-180,SOFTY CREMA,Mockup,SOFTY CREMA.jpg,1
2,VIT-60120-8.50-GLO-MAR-WHIT-181,SONATA MINT,Mockup,SONATA MINT.jpg,1
2,VIT-60120-8.50-GLO-MAR-WHIT-182,TELER CREMA,Mockup,TELER CREMA.jpg,1
2,VIT-60120-8.50-GLO-MAR-WHIT-183,TELTOS BEIGE,Mockup,TELTOS BEIGE.jpg,1
2,VIT-60120-8.50-GLO-MAR-WHIT-184,TELTOS BROWN,Mockup,TELTOS BROWN.jpg,1
2,VIT-60120-8.50-GLO-MAR-WHIT-185,TERACON WHITE,Mockup,TERACON WHITE.jpg,1
2,VIT-60120-8.50-GLO-MAR-WHIT-186,TESSINO PIETRA BEIGE,Mockup,TESSINO PIETRA BEIGE.jpg,1
2,VIT-60120-8.50-GLO-MAR-WHIT-187,TESSINO PIETRA BIANCO,Mockup,TESSINO PIETRA BIANCO.jpg,1
2,VIT-60120-8.50-GLO-MAR-WHIT-188,TESSINO PIETRA BROWN,Mockup,TESSINO PIETRA BROWN.jpg,1
2,VIT-60120-8.50-GLO-MAR-WHIT-189,TESSINO PIETRA GREY,Mockup,TESSINO PIETRA GREY.jpg,1
2,VIT-60120-8.50-GLO-MAR-WHIT-190,TOPAZ BEIGE,Mockup,TOPAZ BEIGE.jpg,1
2,VIT-60120-8.50-GLO-MAR-WHIT-191,TOPAZ WHITE,Mockup,TOPAZ WHITE.jpg,1
2,VIT-60120-8.50-GLO-MAR-WHIT-192,TRAVER GREY,Mockup,TRAVER GREY.jpg,1
2,VIT-60120-8.50-GLO-MAR-WHIT-193,TRAVER IVORY,Mockup,TRAVER IVORY.jpg,1
2,VIT-60120-8.50-GLO-MAR-WHIT-194,TRAVO BEIGE,Mockup,TRAVO BEIGE.jpg,1
2,VIT-60120-8.50-GLO-MAR-WHIT-195,TRAVO BIANCO,Mockup,TRAVO BIANCO.jpg,1
2,VIT-60120-8.50-GLO-MAR-WHIT-196,TRAVO BROWN,Mockup,TRAVO BROWN.jpg,1
2,VIT-60120-8.50-GLO-MAR-WHIT-197,TRAVO GREY,Mockup,TRAVO GREY.jpg,1
2,VIT-60120-8.50-GLO-MAR-WHIT-198,VELSA BEIGE,Mockup,VELSA BEIGE.jpg,1
2,VIT-60120-8.50-GLO-MAR-WHIT-199,VELSA GREEN,Mockup,VELSA GREEN.jpg,1
2,VIT-60120-8.50-GLO-MAR-WHIT-200,VELSA NATURAL,Mockup,VELSA NATURAL.jpg,1
2,VIT-60120-8.50-GLO-MAR-WHIT-201,VOLTERRA BEIGE,Mockup,VOLTERRA BEIGE.jpg,1
2,VIT-60120-8.50-GLO-MAR-WHIT-202,WARM BEIGE,Mockup,WARM BEIGE.jpg,1
2,VIT-60120-8.50-GLO-MAR-WHIT-203,WHITE RET,Mockup,WHITE RET.jpg,1
3,VIT-60120-8.50-GLO-MAR-WHIT-204,IND_1025_SF_MG,Mockup,IND_1025_SF_MG-preview.jpg,1
3,VIT-60120-8.50-GLO-MAR-WHIT-204,IND_1025_SF_MG,Tile Face,IND_1025_SF_MG.jpg,1
3,VIT-60120-8.50-GLO-MAR-WHIT-205,MG ADRY STATUARIO,Mockup,MG ADRY STATUARIO-preview.jpg,1
3,VIT-60120-8.50-GLO-MAR-WHIT-205,MG ADRY STATUARIO,Tile Face,MG ADRY STATUARIO_R1.jpg,1
3,VIT-60120-8.50-GLO-MAR-WHIT-205,MG ADRY STATUARIO,Tile Face,MG ADRY STATUARIO_R2.jpg,2
3,VIT-60120-8.50-GLO-MAR-WHIT-205,MG ADRY STATUARIO,Tile Face,MG ADRY STATUARIO_R3.jpg,3
3,VIT-60120-8.50-GLO-MAR-WHIT-206,MG ALMERIA BEIGE,Mockup,MG ALMERIA BEIGE-preview.jpg,1
3,VIT-60120-8.50-GLO-MAR-WHIT-206,MG ALMERIA BEIGE,Tile Face,MG ALMERIA BEIGE (MG_RR_23_101_ D) R1.jpg,1
3,VIT-60120-8.50-GLO-MAR-WHIT-206,MG ALMERIA BEIGE,Tile Face,MG ALMERIA BEIGE (MG_RR_23_101_ D) R2.jpg,2
3,VIT-60120-8.50-GLO-MAR-WHIT-206,MG ALMERIA BEIGE,Tile Face,MG ALMERIA BEIGE (MG_RR_23_101_ D) R3.jpg,3
3,VIT-60120-8.50-GLO-MAR-WHIT-206,MG ALMERIA BEIGE,Tile Face,MG ALMERIA BEIGE (MG_RR_23_101_ D) R4.jpg,4
3,VIT-60120-8.50-GLO-MAR-WHIT-207,MG ALMERIA WHITE,Mockup,MG ALMERIA WHITE-preview.jpg,1
3,VIT-60120-8.50-GLO-MAR-WHIT-207,MG ALMERIA WHITE,Tile Face,MG ALMERIA WHITE (MG_RR_23_101_ A) R1.jpg,1
3,VIT-60120-8.50-GLO-MAR-WHIT-207,MG ALMERIA WHITE,Tile Face,MG ALMERIA WHITE (MG_RR_23_101_ A) R2.jpg,2
3,VIT-60120-8.50-GLO-MAR-WHIT-207,MG ALMERIA WHITE,Tile Face,MG ALMERIA WHITE (MG_RR_23_101_ A) R3.jpg,3
3,VIT-60120-8.50-GLO-MAR-WHIT-207,MG ALMERIA WHITE,Tile Face,MG ALMERIA WHITE (MG_RR_23_101_ A) R4.jpg,4
3,VIT-60120-8.50-GLO-MAR-WHIT-208,MG AMAZING BROWN,Mockup,MG AMAZING BROWN-preview.jpg,1
3,VIT-60120-8.50-GLO-MAR-WHIT-208,MG AMAZING BROWN,Tile Face,MG AMAZING BROWN_R1.jpg,1
3,VIT-60120-8.50-GLO-MAR-WHIT-208,MG AMAZING BROWN,Tile Face,MG AMAZING BROWN_R2.jpg,2
3,VIT-60120-8.50-GLO-MAR-WHIT-208,MG AMAZING BROWN,Tile Face,MG AMAZING BROWN_R3.jpg,3
3,VIT-60120-8.50-GLO-MAR-WHIT-208,MG AMAZING BROWN,Tile Face,MG AMAZING BROWN_R4.jpg,4
3,VIT-60120-8.50-GLO-MAR-WHIT-209,MG AMAZING MULTY,Mockup,MG AMAZING MULTY-preview.jpg,1
3,VIT-60120-8.50-GLO-MAR-WHIT-209,MG AMAZING MULTY,Tile Face,MG AMAZING MULTY_R1.jpg,1
3,VIT-60120-8.50-GLO-MAR-WHIT-209,MG AMAZING MULTY,Tile Face,MG AMAZING MULTY_R2.jpg,2
3,VIT-60120-8.50-GLO-MAR-WHIT-209,MG AMAZING MULTY,Tile Face,MG AMAZING MULTY_R3.jpg,3
3,VIT-60120-8.50-GLO-MAR-WHIT-209,MG AMAZING MULTY,Tile Face,MG AMAZING MULTY_R4.jpg,4
3,VIT-60120-8.50-GLO-MAR-WHIT-210,MG AMAZING NETURAL,Mockup,MG AMAZING NETURAL-preview.jpg,1
3,VIT-60120-8.50-GLO-MAR-WHIT-210,MG AMAZING NETURAL,Tile Face,MG AMAZING NETURAL_R1.jpg,1
3,VIT-60120-8.50-GLO-MAR-WHIT-210,MG AMAZING NETURAL,Tile Face,MG AMAZING NETURAL_R2.jpg,2
3,VIT-60120-8.50-GLO-MAR-WHIT-210,MG AMAZING NETURAL,Tile Face,MG AMAZING NETURAL_R3.jpg,3
3,VIT-60120-8.50-GLO-MAR-WHIT-210,MG AMAZING NETURAL,Tile Face,MG AMAZING NETURAL_R4.jpg,4
3,VIT-60120-8.50-GLO-MAR-WHIT-211,MG AMBAR ONYX,Mockup,MG AMBAR ONYX-preview.jpg,1
3,VIT-60120-8.50-GLO-MAR-WHIT-211,MG AMBAR ONYX,Tile Face,MG AMBAR ONYX (EI-12401-1 K11264) R1.jpg,1
3,VIT-60120-8.50-GLO-MAR-WHIT-211,MG AMBAR ONYX,Tile Face,MG AMBAR ONYX (EI-12401-1 K11264) R2.jpg,2
3,VIT-60120-8.50-GLO-MAR-WHIT-211,MG AMBAR ONYX,Tile Face,MG AMBAR ONYX (EI-12401-1 K11264) R3.jpg,3
3,VIT-60120-8.50-GLO-MAR-WHIT-211,MG AMBAR ONYX,Tile Face,MG AMBAR ONYX (EI-12401-1 K11264) R4.jpg,4
3,VIT-60120-8.50-GLO-MAR-WHIT-212,MG ANGEL NATURAL,Mockup,MG ANGEL NATURAL-preview.jpg,1
3,VIT-60120-8.50-GLO-MAR-WHIT-212,MG ANGEL NATURAL,Tile Face,ANGEL NATURAL-R1.jpg,1
3,VIT-60120-8.50-GLO-MAR-WHIT-212,MG ANGEL NATURAL,Tile Face,ANGEL NATURAL-R2.jpg,2
3,VIT-60120-8.50-GLO-MAR-WHIT-212,MG ANGEL NATURAL,Tile Face,ANGEL NATURAL-R3.jpg,3
3,VIT-60120-8.50-GLO-MAR-WHIT-212,MG ANGEL NATURAL,Tile Face,ANGEL NATURAL-R4.jpg,4
3,VIT-60120-8.50-GLO-MAR-WHIT-213,MG ANTONY BLUE,Mockup,MG ANTONY BLUE-preview.jpg,1
3,VIT-60120-8.50-GLO-MAR-WHIT-213,MG ANTONY BLUE,Tile Face,MG ANTONY BLUE _P1.jpg,1
3,VIT-60120-8.50-GLO-MAR-WHIT-213,MG ANTONY BLUE,Tile Face,MG ANTONY BLUE _P2.jpg,2
3,VIT-60120-8.50-GLO-MAR-WHIT-213,MG ANTONY BLUE,Tile Face,MG ANTONY BLUE _P3.jpg,3
3,VIT-60120-8.50-GLO-MAR-WHIT-213,MG ANTONY BLUE,Tile Face,MG ANTONY BLUE _P4.jpg,4
3,VIT-60120-8.50-GLO-MAR-WHIT-214,MG ANTRESIT BRIZO,Mockup,MG ANTRESIT BRIZO-preview.jpg,1
3,VIT-60120-8.50-GLO-MAR-WHIT-214,MG ANTRESIT BRIZO,Tile Face,MG ANTRESIT BRIZO _R1.jpg,1
3,VIT-60120-8.50-GLO-MAR-WHIT-214,MG ANTRESIT BRIZO,Tile Face,MG ANTRESIT BRIZO _R2.jpg,2
3,VIT-60120-8.50-GLO-MAR-WHIT-214,MG ANTRESIT BRIZO,Tile Face,MG ANTRESIT BRIZO _R3.jpg,3
3,VIT-60120-8.50-GLO-MAR-WHIT-215,MG ANTRESIT DOVE,Mockup,MG ANTRESIT DOVE-preview.jpg,1
3,VIT-60120-8.50-GLO-MAR-WHIT-215,MG ANTRESIT DOVE,Tile Face,MG ANTRESIT DOVE _R1.jpg,1
3,VIT-60120-8.50-GLO-MAR-WHIT-215,MG ANTRESIT DOVE,Tile Face,MG ANTRESIT DOVE _R2.jpg,2
3,VIT-60120-8.50-GLO-MAR-WHIT-215,MG ANTRESIT DOVE,Tile Face,MG ANTRESIT DOVE _R3.jpg,3
3,VIT-60120-8.50-GLO-MAR-WHIT-216,MG AQUANE SATUARIO,Mockup,MG AQUANE SATUARIO-preview.jpg,1
3,VIT-60120-8.50-GLO-MAR-WHIT-216,MG AQUANE SATUARIO,Tile Face,MG AQUANE SATUARIO_R1.jpg,1
3,VIT-60120-8.50-GLO-MAR-WHIT-216,MG AQUANE SATUARIO,Tile Face,MG AQUANE SATUARIO_R2.jpg,2
3,VIT-60120-8.50-GLO-MAR-WHIT-216,MG AQUANE SATUARIO,Tile Face,MG AQUANE SATUARIO_R3.jpg,3
3,VIT-60120-8.50-GLO-MAR-WHIT-217,MG ARISTON MULTY,Mockup,MG ARISTON MULTY-preview.jpg,1
3,VIT-60120-8.50-GLO-MAR-WHIT-217,MG ARISTON MULTY,Tile Face,MG ARISTON MULTY_R1.jpg,1
3,VIT-60120-8.50-GLO-MAR-WHIT-217,MG ARISTON MULTY,Tile Face,MG ARISTON MULTY_R2.jpg,2
3,VIT-60120-8.50-GLO-MAR-WHIT-217,MG ARISTON MULTY,Tile Face,MG ARISTON MULTY_R3.jpg,3
3,VIT-60120-8.50-GLO-MAR-WHIT-217,MG ARISTON MULTY,Tile Face,MG ARISTON MULTY_R4.jpg,4
3,VIT-60120-8.50-GLO-MAR-WHIT-218,MG ARISTON WHITE,Mockup,MG ARISTON WHITE-preview.jpg,1
3,VIT-60120-8.50-GLO-MAR-WHIT-218,MG ARISTON WHITE,Tile Face,ARISTON WHITE_P1.jpg,1
3,VIT-60120-8.50-GLO-MAR-WHIT-218,MG ARISTON WHITE,Tile Face,ARISTON WHITE_P2.jpg,2
3,VIT-60120-8.50-GLO-MAR-WHIT-218,MG ARISTON WHITE,Tile Face,ARISTON WHITE_P3.jpg,3
3,VIT-60120-8.50-GLO-MAR-WHIT-218,MG ARISTON WHITE,Tile Face,ARISTON WHITE_P4.jpg,4
3,VIT-60120-8.50-GLO-MAR-WHIT-219,MG ASHER BROWN,Mockup,MG ASHER BROWN-preview.jpg,1
3,VIT-60120-8.50-GLO-MAR-WHIT-219,MG ASHER BROWN,Tile Face,MG ASHER BROWN_R1.jpg,1
3,VIT-60120-8.50-GLO-MAR-WHIT-219,MG ASHER BROWN,Tile Face,MG ASHER BROWN_R2.jpg,2
3,VIT-60120-8.50-GLO-MAR-WHIT-219,MG ASHER BROWN,Tile Face,MG ASHER BROWN_R3.jpg,3
3,VIT-60120-8.50-GLO-MAR-WHIT-219,MG ASHER BROWN,Tile Face,MG ASHER BROWN_R4.jpg,4
3,VIT-60120-8.50-GLO-MAR-WHIT-220,MG ASHER GREY,Mockup,MG ASHER GREY-preview.jpg,1
3,VIT-60120-8.50-GLO-MAR-WHIT-220,MG ASHER GREY,Tile Face,MG ASHER GREY_R1.jpg,1
3,VIT-60120-8.50-GLO-MAR-WHIT-220,MG ASHER GREY,Tile Face,MG ASHER GREY_R2.jpg,2
3,VIT-60120-8.50-GLO-MAR-WHIT-220,MG ASHER GREY,Tile Face,MG ASHER GREY_R3.jpg,3
3,VIT-60120-8.50-GLO-MAR-WHIT-220,MG ASHER GREY,Tile Face,MG ASHER GREY_R4.jpg,4
3,VIT-60120-8.50-GLO-MAR-WHIT-221,MG ASHER GRIS,Mockup,MG ASHER GRIS-preview.jpg,1
3,VIT-60120-8.50-GLO-MAR-WHIT-221,MG ASHER GRIS,Tile Face,MG ASHER GRIS_R1.jpg,1
3,VIT-60120-8.50-GLO-MAR-WHIT-221,MG ASHER GRIS,Tile Face,MG ASHER GRIS_R2.jpg,2
3,VIT-60120-8.50-GLO-MAR-WHIT-221,MG ASHER GRIS,Tile Face,MG ASHER GRIS_R3.jpg,3
3,VIT-60120-8.50-GLO-MAR-WHIT-221,MG ASHER GRIS,Tile Face,MG ASHER GRIS_R4.jpg,4
3,VIT-60120-8.50-GLO-MAR-WHIT-222,MG ASHER IVORY,Mockup,MG ASHER IVORY-preview.jpg,1
3,VIT-60120-8.50-GLO-MAR-WHIT-222,MG ASHER IVORY,Tile Face,MG ASHER IVORY_R1.jpg,1
3,VIT-60120-8.50-GLO-MAR-WHIT-222,MG ASHER IVORY,Tile Face,MG ASHER IVORY_R2.jpg,2
3,VIT-60120-8.50-GLO-MAR-WHIT-222,MG ASHER IVORY,Tile Face,MG ASHER IVORY_R3.jpg,3
3,VIT-60120-8.50-GLO-MAR-WHIT-222,MG ASHER IVORY,Tile Face,MG ASHER IVORY_R4.jpg,4
3,VIT-60120-8.50-GLO-MAR-WHIT-223,MG AXOR BEIGE,Mockup,MG AXOR BEIGE-preview.jpg,1
3,VIT-60120-8.50-GLO-MAR-WHIT-223,MG AXOR BEIGE,Tile Face,MG AXOR BEIGE (VS_24_121_GL_MG_BEIGE).jpg,1
3,VIT-60120-8.50-GLO-MAR-WHIT-224,MG AXOR GREY,Mockup,MG AXOR GREY-preview.jpg,1
3,VIT-60120-8.50-GLO-MAR-WHIT-224,MG AXOR GREY,Tile Face,MG AXOR GREY (VS_24_121_GL_MG).jpg,1
3,VIT-60120-8.50-GLO-MAR-WHIT-225,MG BIJOX BLUE,Mockup,MG BIJOX BLUE-preview.jpg,1
3,VIT-60120-8.50-GLO-MAR-WHIT-225,MG BIJOX BLUE,Tile Face,MG BIJOX BLUE _R1.jpg,1
3,VIT-60120-8.50-GLO-MAR-WHIT-225,MG BIJOX BLUE,Tile Face,MG BIJOX BLUE _R2.jpg,2
3,VIT-60120-8.50-GLO-MAR-WHIT-225,MG BIJOX BLUE,Tile Face,MG BIJOX BLUE _R3.jpg,3
3,VIT-60120-8.50-GLO-MAR-WHIT-225,MG BIJOX BLUE,Tile Face,MG BIJOX BLUE _R4.jpg,4
3,VIT-60120-8.50-GLO-MAR-WHIT-225,MG BIJOX BLUE,Tile Face,MG BIJOX BLUE _R5.jpg,5
3,VIT-60120-8.50-GLO-MAR-WHIT-225,MG BIJOX BLUE,Tile Face,MG BIJOX BLUE _R6.jpg,6
3,VIT-60120-8.50-GLO-MAR-WHIT-226,MG BIJOX GREY,Mockup,MG BIJOX GREY-preview.jpg,1
3,VIT-60120-8.50-GLO-MAR-WHIT-226,MG BIJOX GREY,Tile Face,MG BIJOX GREY _R1.jpg,1
3,VIT-60120-8.50-GLO-MAR-WHIT-226,MG BIJOX GREY,Tile Face,MG BIJOX GREY _R2.jpg,2
3,VIT-60120-8.50-GLO-MAR-WHIT-226,MG BIJOX GREY,Tile Face,MG BIJOX GREY _R3.jpg,3
3,VIT-60120-8.50-GLO-MAR-WHIT-226,MG BIJOX GREY,Tile Face,MG BIJOX GREY _R4.jpg,4
3,VIT-60120-8.50-GLO-MAR-WHIT-226,MG BIJOX GREY,Tile Face,MG BIJOX GREY _R5.jpg,5
3,VIT-60120-8.50-GLO-MAR-WHIT-226,MG BIJOX GREY,Tile Face,MG BIJOX GREY _R6.jpg,6
3,VIT-60120-8.50-GLO-MAR-WHIT-227,MG BORGINI BLUE,Mockup,MG BORGINI BLUE-preview.jpg,1
3,VIT-60120-8.50-GLO-MAR-WHIT-227,MG BORGINI BLUE,Tile Face,MG BORGINI BLUE (GL_MG_23_002_MULTY_2) R1.jpg,1
3,VIT-60120-8.50-GLO-MAR-WHIT-227,MG BORGINI BLUE,Tile Face,MG BORGINI BLUE (GL_MG_23_002_MULTY_2) R2.jpg,2
3,VIT-60120-8.50-GLO-MAR-WHIT-227,MG BORGINI BLUE,Tile Face,MG BORGINI BLUE (GL_MG_23_002_MULTY_2) R3.jpg,3
3,VIT-60120-8.50-GLO-MAR-WHIT-227,MG BORGINI BLUE,Tile Face,MG BORGINI BLUE (GL_MG_23_002_MULTY_2) R4.jpg,4
3,VIT-60120-8.50-GLO-MAR-WHIT-228,MG BORGINI GREY,Mockup,MG BORGINI GREY-preview.jpg,1
3,VIT-60120-8.50-GLO-MAR-WHIT-228,MG BORGINI GREY,Tile Face,MG BORGINI GREY (GL_MG_23_002_GREY) R1.jpg,1
3,VIT-60120-8.50-GLO-MAR-WHIT-228,MG BORGINI GREY,Tile Face,MG BORGINI GREY (GL_MG_23_002_GREY) R2.jpg,2
3,VIT-60120-8.50-GLO-MAR-WHIT-228,MG BORGINI GREY,Tile Face,MG BORGINI GREY (GL_MG_23_002_GREY) R3.jpg,3
3,VIT-60120-8.50-GLO-MAR-WHIT-228,MG BORGINI GREY,Tile Face,MG BORGINI GREY (GL_MG_23_002_GREY) R4.jpg,4
3,VIT-60120-8.50-GLO-MAR-WHIT-229,MG BRATVI BLACK,Mockup,MG BRATVI BLACK-preview.jpg,1
3,VIT-60120-8.50-GLO-MAR-WHIT-229,MG BRATVI BLACK,Tile Face,MG BRATVI BLACK (GL_MG_23_005) R1.jpg,1
3,VIT-60120-8.50-GLO-MAR-WHIT-229,MG BRATVI BLACK,Tile Face,MG BRATVI BLACK (GL_MG_23_005) R2.jpg,2
3,VIT-60120-8.50-GLO-MAR-WHIT-229,MG BRATVI BLACK,Tile Face,MG BRATVI BLACK (GL_MG_23_005) R3.jpg,3
3,VIT-60120-8.50-GLO-MAR-WHIT-229,MG BRATVI BLACK,Tile Face,MG BRATVI BLACK (GL_MG_23_005) R4.jpg,4
3,VIT-60120-8.50-GLO-MAR-WHIT-230,MG BRERA BLUE,Mockup,MG BRERA BLUE-preview.jpg,1
3,VIT-60120-8.50-GLO-MAR-WHIT-230,MG BRERA BLUE,Tile Face,MG BRERA BLUE _R1.jpg,1
3,VIT-60120-8.50-GLO-MAR-WHIT-230,MG BRERA BLUE,Tile Face,MG BRERA BLUE _R2.jpg,2
3,VIT-60120-8.50-GLO-MAR-WHIT-230,MG BRERA BLUE,Tile Face,MG BRERA BLUE _R3.jpg,3
3,VIT-60120-8.50-GLO-MAR-WHIT-230,MG BRERA BLUE,Tile Face,MG BRERA BLUE _R4.jpg,4
3,VIT-60120-8.50-GLO-MAR-WHIT-231,MG BRERA BROWN,Mockup,MG BRERA BROWN-preview.jpg,1
3,VIT-60120-8.50-GLO-MAR-WHIT-231,MG BRERA BROWN,Tile Face,MG BRERA BROWN _R1.jpg,1
3,VIT-60120-8.50-GLO-MAR-WHIT-231,MG BRERA BROWN,Tile Face,MG BRERA BROWN _R2.jpg,2
3,VIT-60120-8.50-GLO-MAR-WHIT-231,MG BRERA BROWN,Tile Face,MG BRERA BROWN _R3.jpg,3
3,VIT-60120-8.50-GLO-MAR-WHIT-231,MG BRERA BROWN,Tile Face,MG BRERA BROWN _R4.jpg,4
3,VIT-60120-8.50-GLO-MAR-WHIT-232,MG BRERA GREY,Mockup,MG BRERA GREY-preview.jpg,1
3,VIT-60120-8.50-GLO-MAR-WHIT-232,MG BRERA GREY,Tile Face,MG BRERA GREY_R1.jpg,1
3,VIT-60120-8.50-GLO-MAR-WHIT-232,MG BRERA GREY,Tile Face,MG BRERA GREY_R2.jpg,2
3,VIT-60120-8.50-GLO-MAR-WHIT-232,MG BRERA GREY,Tile Face,MG BRERA GREY_R3.jpg,3
3,VIT-60120-8.50-GLO-MAR-WHIT-232,MG BRERA GREY,Tile Face,MG BRERA GREY_R4.jpg,4
3,VIT-60120-8.50-GLO-MAR-WHIT-233,MG CARRA GREY,Mockup,MG CARRA GREY-preview.jpg,1
3,VIT-60120-8.50-GLO-MAR-WHIT-233,MG CARRA GREY,Tile Face,MG CARRA GREY_P1.jpg,1
3,VIT-60120-8.50-GLO-MAR-WHIT-233,MG CARRA GREY,Tile Face,MG CARRA GREY_P2.jpg,2
3,VIT-60120-8.50-GLO-MAR-WHIT-233,MG CARRA GREY,Tile Face,MG CARRA GREY_P3.jpg,3
3,VIT-60120-8.50-GLO-MAR-WHIT-233,MG CARRA GREY,Tile Face,MG CARRA GREY_P4.jpg,4
3,VIT-60120-8.50-GLO-MAR-WHIT-233,MG CARRA GREY,Tile Face,MG CARRA GREY_P5.jpg,5
3,VIT-60120-8.50-GLO-MAR-WHIT-234,MG CELESTIAL GREY STATUARIO,Mockup,MG CELESTIAL GREY STATUARIO-preview.jpg,1
3,VIT-60120-8.50-GLO-MAR-WHIT-234,MG CELESTIAL GREY STATUARIO,Tile Face,MG CELESTIAL GREY STATUARIO_P1.jpg,1
3,VIT-60120-8.50-GLO-MAR-WHIT-234,MG CELESTIAL GREY STATUARIO,Tile Face,MG CELESTIAL GREY STATUARIO_P2.jpg,2
3,VIT-60120-8.50-GLO-MAR-WHIT-234,MG CELESTIAL GREY STATUARIO,Tile Face,MG CELESTIAL GREY STATUARIO_P3.jpg,3
3,VIT-60120-8.50-GLO-MAR-WHIT-235,MG CHARM SATUARIO,Mockup,MG CHARM SATUARIO-preview.jpg,1
3,VIT-60120-8.50-GLO-MAR-WHIT-235,MG CHARM SATUARIO,Tile Face,MG CHARM SATUARIO_R1.jpg,1
3,VIT-60120-8.50-GLO-MAR-WHIT-235,MG CHARM SATUARIO,Tile Face,MG CHARM SATUARIO_R2.jpg,2
3,VIT-60120-8.50-GLO-MAR-WHIT-236,MG FLORENTINA BLUE,Mockup,MG FLORENTINA BLUE-preview.jpg,1
3,VIT-60120-8.50-GLO-MAR-WHIT-236,MG FLORENTINA BLUE,Tile Face,MG FLORENTINA BLUE_R1.jpg,1
3,VIT-60120-8.50-GLO-MAR-WHIT-236,MG FLORENTINA BLUE,Tile Face,MG FLORENTINA BLUE_R2.jpg,2
3,VIT-60120-8.50-GLO-MAR-WHIT-236,MG FLORENTINA BLUE,Tile Face,MG FLORENTINA BLUE_R3.jpg,3
3,VIT-60120-8.50-GLO-MAR-WHIT-236,MG FLORENTINA BLUE,Tile Face,MG FLORENTINA BLUE_R4.jpg,4
3,VIT-60120-8.50-GLO-MAR-WHIT-236,MG FLORENTINA BLUE,Tile Face,MG FLORENTINA BLUE_R5.jpg,5
3,VIT-60120-8.50-GLO-MAR-WHIT-236,MG FLORENTINA BLUE,Tile Face,MG FLORENTINA BLUE_R6.jpg,6
3,VIT-60120-8.50-GLO-MAR-WHIT-237,MG FLORENTINA MULTY,Mockup,MG FLORENTINA MULTY-preview.jpg,1
3,VIT-60120-8.50-GLO-MAR-WHIT-237,MG FLORENTINA MULTY,Tile Face,MG FLORENTINA MULTY_R1.jpg,1
3,VIT-60120-8.50-GLO-MAR-WHIT-237,MG FLORENTINA MULTY,Tile Face,MG FLORENTINA MULTY_R2.jpg,2
3,VIT-60120-8.50-GLO-MAR-WHIT-237,MG FLORENTINA MULTY,Tile Face,MG FLORENTINA MULTY_R3.jpg,3
3,VIT-60120-8.50-GLO-MAR-WHIT-237,MG FLORENTINA MULTY,Tile Face,MG FLORENTINA MULTY_R4.jpg,4
3,VIT-60120-8.50-GLO-MAR-WHIT-237,MG FLORENTINA MULTY,Tile Face,MG FLORENTINA MULTY_R5.jpg,5
3,VIT-60120-8.50-GLO-MAR-WHIT-237,MG FLORENTINA MULTY,Tile Face,MG FLORENTINA MULTY_R6.jpg,6
3,VIT-60120-8.50-GLO-MAR-WHIT-238,MG HENRI BLUE,Mockup,MG HENRI BLUE-preview.jpg,1
3,VIT-60120-8.50-GLO-MAR-WHIT-238,MG HENRI BLUE,Tile Face,MG HENRI BLUE _P1.jpg,1
3,VIT-60120-8.50-GLO-MAR-WHIT-238,MG HENRI BLUE,Tile Face,MG HENRI BLUE _P2.jpg,2
3,VIT-60120-8.50-GLO-MAR-WHIT-238,MG HENRI BLUE,Tile Face,MG HENRI BLUE _P3.jpg,3
3,VIT-60120-8.50-GLO-MAR-WHIT-238,MG HENRI BLUE,Tile Face,MG HENRI BLUE _P4.jpg,4
3,VIT-60120-8.50-GLO-MAR-WHIT-239,MG HONESTA IVORY,Mockup,MG HONESTA IVORY-preview.jpg,1
3,VIT-60120-8.50-GLO-MAR-WHIT-239,MG HONESTA IVORY,Tile Face,MG HONESTA IVORY_R1.jpg,1
3,VIT-60120-8.50-GLO-MAR-WHIT-239,MG HONESTA IVORY,Tile Face,MG HONESTA IVORY_R2.jpg,2
3,VIT-60120-8.50-GLO-MAR-WHIT-239,MG HONESTA IVORY,Tile Face,MG HONESTA IVORY_R3.jpg,3
3,VIT-60120-8.50-GLO-MAR-WHIT-239,MG HONESTA IVORY,Tile Face,MG HONESTA IVORY_R4.jpg,4
3,VIT-60120-8.50-GLO-MAR-WHIT-240,MG JAXON CREMA,Mockup,MG JAXON CREMA-preview.jpg,1
3,VIT-60120-8.50-GLO-MAR-WHIT-240,MG JAXON CREMA,Tile Face,MG JAXON CREMA_R1.jpg,1
3,VIT-60120-8.50-GLO-MAR-WHIT-240,MG JAXON CREMA,Tile Face,MG JAXON CREMA_R2.jpg,2
3,VIT-60120-8.50-GLO-MAR-WHIT-240,MG JAXON CREMA,Tile Face,MG JAXON CREMA_R3.jpg,3
3,VIT-60120-8.50-GLO-MAR-WHIT-240,MG JAXON CREMA,Tile Face,MG JAXON CREMA_R4.jpg,4
3,VIT-60120-8.50-GLO-MAR-WHIT-241,MG JAXON WHITE,Mockup,MG JAXON WHITE-preview.jpg,1
3,VIT-60120-8.50-GLO-MAR-WHIT-241,MG JAXON WHITE,Tile Face,MG JAXON WHITE_R1.jpg,1
3,VIT-60120-8.50-GLO-MAR-WHIT-241,MG JAXON WHITE,Tile Face,MG JAXON WHITE_R2.jpg,2
3,VIT-60120-8.50-GLO-MAR-WHIT-241,MG JAXON WHITE,Tile Face,MG JAXON WHITE_R3.jpg,3
3,VIT-60120-8.50-GLO-MAR-WHIT-241,MG JAXON WHITE,Tile Face,MG JAXON WHITE_R4.jpg,4
3,VIT-60120-8.50-GLO-MAR-WHIT-242,MG LEAVES BLUE,Mockup,MG LEAVES BLUE-preview.jpg,1
3,VIT-60120-8.50-GLO-MAR-WHIT-242,MG LEAVES BLUE,Tile Face,MG LEAVES BLUE.jpg,1
3,VIT-60120-8.50-GLO-MAR-WHIT-243,MG LEAVES BROWN,Mockup,MG LEAVES BROWN-preview.jpg,1
3,VIT-60120-8.50-GLO-MAR-WHIT-243,MG LEAVES BROWN,Tile Face,MG LEAVES BROWN.jpg,1
3,VIT-60120-8.50-GLO-MAR-WHIT-244,MG LEAVES NATURAL,Mockup,MG LEAVES NATURAL-preview.jpg,1
3,VIT-60120-8.50-GLO-MAR-WHIT-244,MG LEAVES NATURAL,Tile Face,MG LEAVES NATURAL.jpg,1
3,VIT-60120-8.50-GLO-MAR-WHIT-245,MG LEMON ONYX,Mockup,MG LEMON ONYX-preview.jpg,1
3,VIT-60120-8.50-GLO-MAR-WHIT-245,MG LEMON ONYX,Tile Face,MG LEMON ONYX (EI-12549-1 K11666) R1.jpg,1
3,VIT-60120-8.50-GLO-MAR-WHIT-245,MG LEMON ONYX,Tile Face,MG LEMON ONYX (EI-12549-1 K11666) R2.jpg,2
3,VIT-60120-8.50-GLO-MAR-WHIT-245,MG LEMON ONYX,Tile Face,MG LEMON ONYX (EI-12549-1 K11666) R3.jpg,3
3,VIT-60120-8.50-GLO-MAR-WHIT-245,MG LEMON ONYX,Tile Face,MG LEMON ONYX (EI-12549-1 K11666) R4.jpg,4
3,VIT-60120-8.50-GLO-MAR-WHIT-246,MG LEROX WHITE,Mockup,MG LEROX WHITE-preview.jpg,1
3,VIT-60120-8.50-GLO-MAR-WHIT-246,MG LEROX WHITE,Tile Face,MG LEROX WHITE_P1.jpg,1
3,VIT-60120-8.50-GLO-MAR-WHIT-246,MG LEROX WHITE,Tile Face,MG LEROX WHITE_P2.jpg,2
3,VIT-60120-8.50-GLO-MAR-WHIT-247,MG LUSSO STATUARIO,Mockup,MG LUSSO STATUARIO-preview.jpg,1
3,VIT-60120-8.50-GLO-MAR-WHIT-247,MG LUSSO STATUARIO,Tile Face,MG LUSSO STATUARIO_P1.jpg,1
3,VIT-60120-8.50-GLO-MAR-WHIT-247,MG LUSSO STATUARIO,Tile Face,MG LUSSO STATUARIO_P2.jpg,2
3,VIT-60120-8.50-GLO-MAR-WHIT-247,MG LUSSO STATUARIO,Tile Face,MG LUSSO STATUARIO_P3.jpg,3
3,VIT-60120-8.50-GLO-MAR-WHIT-247,MG LUSSO STATUARIO,Tile Face,MG LUSSO STATUARIO_P4.jpg,4
3,VIT-60120-8.50-GLO-MAR-WHIT-248,MG MAR STATUARIO,Mockup,MG MAR STATUARIO-preview.jpg,1
3,VIT-60120-8.50-GLO-MAR-WHIT-248,MG MAR STATUARIO,Tile Face,MG MAR STATUARIO (MG ST_41)_R1.jpg,1
3,VIT-60120-8.50-GLO-MAR-WHIT-248,MG MAR STATUARIO,Tile Face,MG MAR STATUARIO (MG ST_41)_R2.jpg,2
3,VIT-60120-8.50-GLO-MAR-WHIT-248,MG MAR STATUARIO,Tile Face,MG MAR STATUARIO (MG ST_41)_R3.jpg,3
3,VIT-60120-8.50-GLO-MAR-WHIT-249,MG MARAZZI GREY,Mockup,MG MARAZZI GREY-preview.jpg,1
3,VIT-60120-8.50-GLO-MAR-WHIT-249,MG MARAZZI GREY,Tile Face,MG MARAZZI GREY (RR_23_405-carpet_B) R1.jpg,1
3,VIT-60120-8.50-GLO-MAR-WHIT-249,MG MARAZZI GREY,Tile Face,MG MARAZZI GREY (RR_23_405-carpet_B) R2.jpg,2
3,VIT-60120-8.50-GLO-MAR-WHIT-249,MG MARAZZI GREY,Tile Face,MG MARAZZI GREY (RR_23_405-carpet_B) R3.jpg,3
3,VIT-60120-8.50-GLO-MAR-WHIT-249,MG MARAZZI GREY,Tile Face,MG MARAZZI GREY (RR_23_405-carpet_B) R4.jpg,4
3,VIT-60120-8.50-GLO-MAR-WHIT-250,MG MARBBLA STATURIO,Mockup,MG MARBBLA STATURIO-preview.jpg,1
3,VIT-60120-8.50-GLO-MAR-WHIT-250,MG MARBBLA STATURIO,Tile Face,MG MARBBLA STATURIO_R1.jpg,1
3,VIT-60120-8.50-GLO-MAR-WHIT-250,MG MARBBLA STATURIO,Tile Face,MG MARBBLA STATURIO_R2.jpg,2
3,VIT-60120-8.50-GLO-MAR-WHIT-250,MG MARBBLA STATURIO,Tile Face,MG MARBBLA STATURIO_R3.jpg,3
3,VIT-60120-8.50-GLO-MAR-WHIT-250,MG MARBBLA STATURIO,Tile Face,MG MARBBLA STATURIO_R4.jpg,4
3,VIT-60120-8.50-GLO-MAR-WHIT-251,MG MARVELLA NATURAL,Mockup,MG MARVELLA NATURAL-preview.jpg,1
3,VIT-60120-8.50-GLO-MAR-WHIT-251,MG MARVELLA NATURAL,Tile Face,MG MARVELLA NATURAL_R1.jpg,1
3,VIT-60120-8.50-GLO-MAR-WHIT-251,MG MARVELLA NATURAL,Tile Face,MG MARVELLA NATURAL_R2.jpg,2
3,VIT-60120-8.50-GLO-MAR-WHIT-251,MG MARVELLA NATURAL,Tile Face,MG MARVELLA NATURAL_R3.jpg,3
3,VIT-60120-8.50-GLO-MAR-WHIT-251,MG MARVELLA NATURAL,Tile Face,MG MARVELLA NATURAL_R4.jpg,4
3,VIT-60120-8.50-GLO-MAR-WHIT-252,MG MERCURY BIANCO,Mockup,MG MERCURY BIANCO-preview.jpg,1
3,VIT-60120-8.50-GLO-MAR-WHIT-252,MG MERCURY BIANCO,Tile Face,MG MERCURY BIANCO_R1.jpg,1
3,VIT-60120-8.50-GLO-MAR-WHIT-252,MG MERCURY BIANCO,Tile Face,MG MERCURY BIANCO_R2.jpg,2
3,VIT-60120-8.50-GLO-MAR-WHIT-252,MG MERCURY BIANCO,Tile Face,MG MERCURY BIANCO_R3.jpg,3
3,VIT-60120-8.50-GLO-MAR-WHIT-252,MG MERCURY BIANCO,Tile Face,MG MERCURY BIANCO_R4.jpg,4
3,VIT-60120-8.50-GLO-MAR-WHIT-253,MG MERCURY BROWN,Mockup,MG MERCURY BROWN-preview.jpg,1
3,VIT-60120-8.50-GLO-MAR-WHIT-253,MG MERCURY BROWN,Tile Face,MG MERCURY BROWN _R1.jpg,1
3,VIT-60120-8.50-GLO-MAR-WHIT-253,MG MERCURY BROWN,Tile Face,MG MERCURY BROWN _R2.jpg,2
3,VIT-60120-8.50-GLO-MAR-WHIT-253,MG MERCURY BROWN,Tile Face,MG MERCURY BROWN _R3.jpg,3
3,VIT-60120-8.50-GLO-MAR-WHIT-253,MG MERCURY BROWN,Tile Face,MG MERCURY BROWN _R4.jpg,4
3,VIT-60120-8.50-GLO-MAR-WHIT-254,MG MERCURY CREMA,Mockup,MG MERCURY CREMA-preview.jpg,1
3,VIT-60120-8.50-GLO-MAR-WHIT-254,MG MERCURY CREMA,Tile Face,MG MERCURY CREMA_R1.jpg,1
3,VIT-60120-8.50-GLO-MAR-WHIT-254,MG MERCURY CREMA,Tile Face,MG MERCURY CREMA_R2.jpg,2
3,VIT-60120-8.50-GLO-MAR-WHIT-254,MG MERCURY CREMA,Tile Face,MG MERCURY CREMA_R3.jpg,3
3,VIT-60120-8.50-GLO-MAR-WHIT-254,MG MERCURY CREMA,Tile Face,MG MERCURY CREMA_R4.jpg,4
3,VIT-60120-8.50-GLO-MAR-WHIT-255,MG MERCURY FOSSIL,Mockup,MG MERCURY FOSSIL-preview.jpg,1
3,VIT-60120-8.50-GLO-MAR-WHIT-255,MG MERCURY FOSSIL,Tile Face,MG MERCURY FOSSIL_R1.jpg,1
3,VIT-60120-8.50-GLO-MAR-WHIT-255,MG MERCURY FOSSIL,Tile Face,MG MERCURY FOSSIL_R2.jpg,2
3,VIT-60120-8.50-GLO-MAR-WHIT-255,MG MERCURY FOSSIL,Tile Face,MG MERCURY FOSSIL_R3.jpg,3
3,VIT-60120-8.50-GLO-MAR-WHIT-255,MG MERCURY FOSSIL,Tile Face,MG MERCURY FOSSIL_R4.jpg,4
3,VIT-60120-8.50-GLO-MAR-WHIT-256,MG MERCURY GREY,Mockup,MG MERCURY GREY-preview.jpg,1
3,VIT-60120-8.50-GLO-MAR-WHIT-256,MG MERCURY GREY,Tile Face,MG MERCURY GREY _R1.jpg,1
3,VIT-60120-8.50-GLO-MAR-WHIT-256,MG MERCURY GREY,Tile Face,MG MERCURY GREY _R2.jpg,2
3,VIT-60120-8.50-GLO-MAR-WHIT-256,MG MERCURY GREY,Tile Face,MG MERCURY GREY _R3.jpg,3
3,VIT-60120-8.50-GLO-MAR-WHIT-256,MG MERCURY GREY,Tile Face,MG MERCURY GREY _R4.jpg,4
3,VIT-60120-8.50-GLO-MAR-WHIT-257,MG MERCURY NATURAL,Mockup,MG MERCURY NATURAL-preview.jpg,1
3,VIT-60120-8.50-GLO-MAR-WHIT-257,MG MERCURY NATURAL,Tile Face,MG MERCURY NATURAL_R1.jpg,1
3,VIT-60120-8.50-GLO-MAR-WHIT-257,MG MERCURY NATURAL,Tile Face,MG MERCURY NATURAL_R2.jpg,2
3,VIT-60120-8.50-GLO-MAR-WHIT-257,MG MERCURY NATURAL,Tile Face,MG MERCURY NATURAL_R3.jpg,3
3,VIT-60120-8.50-GLO-MAR-WHIT-257,MG MERCURY NATURAL,Tile Face,MG MERCURY NATURAL_R4.jpg,4
3,VIT-60120-8.50-GLO-MAR-WHIT-258,MG MERCURY STONE,Mockup,MG MERCURY STONE-preview.jpg,1
3,VIT-60120-8.50-GLO-MAR-WHIT-258,MG MERCURY STONE,Tile Face,MG MERCURY STONE_R1.jpg,1
3,VIT-60120-8.50-GLO-MAR-WHIT-258,MG MERCURY STONE,Tile Face,MG MERCURY STONE_R2.jpg,2
3,VIT-60120-8.50-GLO-MAR-WHIT-258,MG MERCURY STONE,Tile Face,MG MERCURY STONE_R3.jpg,3
3,VIT-60120-8.50-GLO-MAR-WHIT-258,MG MERCURY STONE,Tile Face,MG MERCURY STONE_R4.jpg,4
3,VIT-60120-8.50-GLO-MAR-WHIT-259,MG MERCURY THUNDER,Mockup,MG MERCURY THUNDER-preview.jpg,1
3,VIT-60120-8.50-GLO-MAR-WHIT-259,MG MERCURY THUNDER,Tile Face,MG MERCURY THUNDER_R1.jpg,1
3,VIT-60120-8.50-GLO-MAR-WHIT-259,MG MERCURY THUNDER,Tile Face,MG MERCURY THUNDER_R2.jpg,2
3,VIT-60120-8.50-GLO-MAR-WHIT-259,MG MERCURY THUNDER,Tile Face,MG MERCURY THUNDER_R3.jpg,3
3,VIT-60120-8.50-GLO-MAR-WHIT-259,MG MERCURY THUNDER,Tile Face,MG MERCURY THUNDER_R4.jpg,4
3,VIT-60120-8.50-GLO-MAR-WHIT-260,MG MODERN BIANCO,Mockup,MG MODERN BIANCO-preview.jpg,1
3,VIT-60120-8.50-GLO-MAR-WHIT-260,MG MODERN BIANCO,Tile Face,MG MODERN BIANCO (VS_23_21_MG_GL_C) R1.jpg,1
3,VIT-60120-8.50-GLO-MAR-WHIT-260,MG MODERN BIANCO,Tile Face,MG MODERN BIANCO (VS_23_21_MG_GL_C) R2.jpg,2
3,VIT-60120-8.50-GLO-MAR-WHIT-260,MG MODERN BIANCO,Tile Face,MG MODERN BIANCO (VS_23_21_MG_GL_C) R3.jpg,3
3,VIT-60120-8.50-GLO-MAR-WHIT-261,MG MODERN GREY,Mockup,MG MODERN GREY-preview.jpg,1
3,VIT-60120-8.50-GLO-MAR-WHIT-261,MG MODERN GREY,Tile Face,MG MODERN GREY (VS_23_21_MG_GL_B) R1.jpg,1
3,VIT-60120-8.50-GLO-MAR-WHIT-261,MG MODERN GREY,Tile Face,MG MODERN GREY (VS_23_21_MG_GL_B) R2.jpg,2
3,VIT-60120-8.50-GLO-MAR-WHIT-261,MG MODERN GREY,Tile Face,MG MODERN GREY (VS_23_21_MG_GL_B) R3.jpg,3
3,VIT-60120-8.50-GLO-MAR-WHIT-262,MG MOTRICO ONYX SKY,Mockup,MG MOTRICO ONYX SKY-preview.jpg,1
3,VIT-60120-8.50-GLO-MAR-WHIT-262,MG MOTRICO ONYX SKY,Tile Face,MG MOTRICO ONYX SKY_P1.jpg,1
3,VIT-60120-8.50-GLO-MAR-WHIT-262,MG MOTRICO ONYX SKY,Tile Face,MG MOTRICO ONYX SKY_P2.jpg,2
3,VIT-60120-8.50-GLO-MAR-WHIT-262,MG MOTRICO ONYX SKY,Tile Face,MG MOTRICO ONYX SKY_P3.jpg,3
3,VIT-60120-8.50-GLO-MAR-WHIT-262,MG MOTRICO ONYX SKY,Tile Face,MG MOTRICO ONYX SKY_P4.jpg,4
3,VIT-60120-8.50-GLO-MAR-WHIT-263,MG MOTRICO ONYX WHITE,Mockup,MG MOTRICO ONYX WHITE-preview.jpg,1
3,VIT-60120-8.50-GLO-MAR-WHIT-263,MG MOTRICO ONYX WHITE,Tile Face,MG MOTRICO ONYX WHITE_P1.jpg,1
3,VIT-60120-8.50-GLO-MAR-WHIT-263,MG MOTRICO ONYX WHITE,Tile Face,MG MOTRICO ONYX WHITE_P2.jpg,2
3,VIT-60120-8.50-GLO-MAR-WHIT-263,MG MOTRICO ONYX WHITE,Tile Face,MG MOTRICO ONYX WHITE_P3.jpg,3
3,VIT-60120-8.50-GLO-MAR-WHIT-263,MG MOTRICO ONYX WHITE,Tile Face,MG MOTRICO ONYX WHITE_P4.jpg,4
3,VIT-60120-8.50-GLO-MAR-WHIT-264,MG MURAL ONYX,Mockup,MG MURAL ONYX-preview.jpg,1
3,VIT-60120-8.50-GLO-MAR-WHIT-264,MG MURAL ONYX,Tile Face,MG MURAL ONYX (EI-12482-1 K11479-2) R1.jpg,1
3,VIT-60120-8.50-GLO-MAR-WHIT-264,MG MURAL ONYX,Tile Face,MG MURAL ONYX (EI-12482-1 K11479-2) R2.jpg,2
3,VIT-60120-8.50-GLO-MAR-WHIT-264,MG MURAL ONYX,Tile Face,MG MURAL ONYX (EI-12482-1 K11479-2) R3.jpg,3
3,VIT-60120-8.50-GLO-MAR-WHIT-264,MG MURAL ONYX,Tile Face,MG MURAL ONYX (EI-12482-1 K11479-2) R4.jpg,4
3,VIT-60120-8.50-GLO-MAR-WHIT-265,MG NATURAL BOTTOCHINO,Mockup,MG NATURAL BOTTOCHINO-preview.jpg,1
3,VIT-60120-8.50-GLO-MAR-WHIT-265,MG NATURAL BOTTOCHINO,Tile Face,MG NATURAL BOTTOCHINO R1.jpg,1
3,VIT-60120-8.50-GLO-MAR-WHIT-265,MG NATURAL BOTTOCHINO,Tile Face,MG NATURAL BOTTOCHINO R2.jpg,2
3,VIT-60120-8.50-GLO-MAR-WHIT-265,MG NATURAL BOTTOCHINO,Tile Face,MG NATURAL BOTTOCHINO R3.jpg,3
3,VIT-60120-8.50-GLO-MAR-WHIT-266,MG NOKTA BLUE,Mockup,MG NOKTA BLUE-preview.jpg,1
3,VIT-60120-8.50-GLO-MAR-WHIT-266,MG NOKTA BLUE,Tile Face,MG NOKTA BLUE (VS_24_030_GL_B_MG)_R1.jpg,1
3,VIT-60120-8.50-GLO-MAR-WHIT-266,MG NOKTA BLUE,Tile Face,MG NOKTA BLUE (VS_24_030_GL_B_MG)_R2.jpg,2
3,VIT-60120-8.50-GLO-MAR-WHIT-266,MG NOKTA BLUE,Tile Face,MG NOKTA BLUE (VS_24_030_GL_B_MG)_R3.jpg,3
3,VIT-60120-8.50-GLO-MAR-WHIT-266,MG NOKTA BLUE,Tile Face,MG NOKTA BLUE (VS_24_030_GL_B_MG)_R4.jpg,4
3,VIT-60120-8.50-GLO-MAR-WHIT-267,MG NOKTA BROWN,Mockup,MG NOKTA BROWN-preview.jpg,1
3,VIT-60120-8.50-GLO-MAR-WHIT-267,MG NOKTA BROWN,Tile Face,MG NOKTA BROWN (VS_24_030_GL_A_MG)_R1.jpg,1
3,VIT-60120-8.50-GLO-MAR-WHIT-267,MG NOKTA BROWN,Tile Face,MG NOKTA BROWN (VS_24_030_GL_A_MG)_R2.jpg,2
3,VIT-60120-8.50-GLO-MAR-WHIT-267,MG NOKTA BROWN,Tile Face,MG NOKTA BROWN (VS_24_030_GL_A_MG)_R3.jpg,3
3,VIT-60120-8.50-GLO-MAR-WHIT-267,MG NOKTA BROWN,Tile Face,MG NOKTA BROWN (VS_24_030_GL_A_MG)_R4.jpg,4
3,VIT-60120-8.50-GLO-MAR-WHIT-268,MG OIKOS AQUA,Mockup,MG OIKOS AQUA-preview.jpg,1
3,VIT-60120-8.50-GLO-MAR-WHIT-268,MG OIKOS AQUA,Tile Face,MG OIKOS AQUA_P1.jpg,1
3,VIT-60120-8.50-GLO-MAR-WHIT-268,MG OIKOS AQUA,Tile Face,MG OIKOS AQUA_P2.jpg,2
3,VIT-60120-8.50-GLO-MAR-WHIT-268,MG OIKOS AQUA,Tile Face,MG OIKOS AQUA_P3.jpg,3
3,VIT-60120-8.50-GLO-MAR-WHIT-268,MG OIKOS AQUA,Tile Face,MG OIKOS AQUA_P4.jpg,4
3,VIT-60120-8.50-GLO-MAR-WHIT-268,MG OIKOS AQUA,Tile Face,MG OIKOS AQUA_P5.jpg,5
3,VIT-60120-8.50-GLO-MAR-WHIT-268,MG OIKOS AQUA,Tile Face,MG OIKOS AQUA_P6.jpg,6
3,VIT-60120-8.50-GLO-MAR-WHIT-269,MG OIKOS BLUE,Mockup,MG OIKOS BLUE-preview.jpg,1
3,VIT-60120-8.50-GLO-MAR-WHIT-269,MG OIKOS BLUE,Tile Face,MG OIKOS BLUE_P1.jpg,1
3,VIT-60120-8.50-GLO-MAR-WHIT-269,MG OIKOS BLUE,Tile Face,MG OIKOS BLUE_P2.jpg,2
3,VIT-60120-8.50-GLO-MAR-WHIT-269,MG OIKOS BLUE,Tile Face,MG OIKOS BLUE_P3.jpg,3
3,VIT-60120-8.50-GLO-MAR-WHIT-269,MG OIKOS BLUE,Tile Face,MG OIKOS BLUE_P4.jpg,4
3,VIT-60120-8.50-GLO-MAR-WHIT-269,MG OIKOS BLUE,Tile Face,MG OIKOS BLUE_P5.jpg,5
3,VIT-60120-8.50-GLO-MAR-WHIT-269,MG OIKOS BLUE,Tile Face,MG OIKOS BLUE_P6.jpg,6
3,VIT-60120-8.50-GLO-MAR-WHIT-270,MG OMANI BEIGE,Mockup,MG OMANI BEIGE-preview.jpg,1
3,VIT-60120-8.50-GLO-MAR-WHIT-270,MG OMANI BEIGE,Tile Face,MG OMANI BEIGE_R1.jpg,1
3,VIT-60120-8.50-GLO-MAR-WHIT-270,MG OMANI BEIGE,Tile Face,MG OMANI BEIGE_R2.jpg,2
3,VIT-60120-8.50-GLO-MAR-WHIT-270,MG OMANI BEIGE,Tile Face,MG OMANI BEIGE_R3.jpg,3
3,VIT-60120-8.50-GLO-MAR-WHIT-270,MG OMANI BEIGE,Tile Face,MG OMANI BEIGE_R4.jpg,4
3,VIT-60120-8.50-GLO-MAR-WHIT-271,MG ONYX DELICATO,Mockup,MG ONYX DELICATO-preview.jpg,1
3,VIT-60120-8.50-GLO-MAR-WHIT-271,MG ONYX DELICATO,Tile Face,MG ONYX DELICATO_R1.jpg,1
3,VIT-60120-8.50-GLO-MAR-WHIT-271,MG ONYX DELICATO,Tile Face,MG ONYX DELICATO_R2.jpg,2
3,VIT-60120-8.50-GLO-MAR-WHIT-271,MG ONYX DELICATO,Tile Face,MG ONYX DELICATO_R3.jpg,3
3,VIT-60120-8.50-GLO-MAR-WHIT-272,MG ONYX DELICATO BLUE,Mockup,MG ONYX DELICATO BLUE-preview.jpg,1
3,VIT-60120-8.50-GLO-MAR-WHIT-272,MG ONYX DELICATO BLUE,Tile Face,MG ONYX DELICATO BLUE (ST_44_B)_R1.jpg,1
3,VIT-60120-8.50-GLO-MAR-WHIT-272,MG ONYX DELICATO BLUE,Tile Face,MG ONYX DELICATO BLUE (ST_44_B)_R2.jpg,2
3,VIT-60120-8.50-GLO-MAR-WHIT-272,MG ONYX DELICATO BLUE,Tile Face,MG ONYX DELICATO BLUE (ST_44_B)_R3.jpg,3
3,VIT-60120-8.50-GLO-MAR-WHIT-273,MG ONYX FLORIM BLUE,Mockup,MG ONYX FLORIM BLUE-preview.jpg,1
3,VIT-60120-8.50-GLO-MAR-WHIT-273,MG ONYX FLORIM BLUE,Tile Face,MG ONYX FLORIM BLUE_R1.jpg,1
3,VIT-60120-8.50-GLO-MAR-WHIT-273,MG ONYX FLORIM BLUE,Tile Face,MG ONYX FLORIM BLUE_R2.jpg,2
3,VIT-60120-8.50-GLO-MAR-WHIT-273,MG ONYX FLORIM BLUE,Tile Face,MG ONYX FLORIM BLUE_R3.jpg,3
3,VIT-60120-8.50-GLO-MAR-WHIT-274,MG ONYX FLORIM SEPIA,Mockup,MG ONYX FLORIM SEPIA-preview.jpg,1
3,VIT-60120-8.50-GLO-MAR-WHIT-274,MG ONYX FLORIM SEPIA,Tile Face,MG ONYX FLORIM SEPIA (VS_23_93_MG_GL_D)_R1.jpg,1
3,VIT-60120-8.50-GLO-MAR-WHIT-274,MG ONYX FLORIM SEPIA,Tile Face,MG ONYX FLORIM SEPIA (VS_23_93_MG_GL_D)_R2.jpg,2
3,VIT-60120-8.50-GLO-MAR-WHIT-274,MG ONYX FLORIM SEPIA,Tile Face,MG ONYX FLORIM SEPIA (VS_23_93_MG_GL_D)_R3.jpg,3
3,VIT-60120-8.50-GLO-MAR-WHIT-275,MG OPERA STATURIO,Mockup,MG OPERA STATURIO-preview.jpg,1
3,VIT-60120-8.50-GLO-MAR-WHIT-275,MG OPERA STATURIO,Tile Face,MG OPERA STATURIO_R1.jpg,1
3,VIT-60120-8.50-GLO-MAR-WHIT-275,MG OPERA STATURIO,Tile Face,MG OPERA STATURIO_R2.jpg,2
3,VIT-60120-8.50-GLO-MAR-WHIT-275,MG OPERA STATURIO,Tile Face,MG OPERA STATURIO_R3.jpg,3
3,VIT-60120-8.50-GLO-MAR-WHIT-276,MG PANOZZO GREEN,Mockup,MG PANOZZO GREEN-preview.jpg,1
3,VIT-60120-8.50-GLO-MAR-WHIT-276,MG PANOZZO GREEN,Tile Face,MG PANOZZO GREEN_P1.jpg,1
3,VIT-60120-8.50-GLO-MAR-WHIT-276,MG PANOZZO GREEN,Tile Face,MG PANOZZO GREEN_P2.jpg,2
3,VIT-60120-8.50-GLO-MAR-WHIT-276,MG PANOZZO GREEN,Tile Face,MG PANOZZO GREEN_P3.jpg,3
3,VIT-60120-8.50-GLO-MAR-WHIT-277,MG PIGUES NATURAL,Mockup,MG PIGUES NATURAL-preview.jpg,1
3,VIT-60120-8.50-GLO-MAR-WHIT-277,MG PIGUES NATURAL,Tile Face,MG PIGUES NATURAL_P1.jpg,1
3,VIT-60120-8.50-GLO-MAR-WHIT-277,MG PIGUES NATURAL,Tile Face,MG PIGUES NATURAL_P2.jpg,2
3,VIT-60120-8.50-GLO-MAR-WHIT-277,MG PIGUES NATURAL,Tile Face,MG PIGUES NATURAL_P3.jpg,3
3,VIT-60120-8.50-GLO-MAR-WHIT-277,MG PIGUES NATURAL,Tile Face,MG PIGUES NATURAL_P4.jpg,4
3,VIT-60120-8.50-GLO-MAR-WHIT-278,MG PIGUES WHITE,Mockup,MG PIGUES WHITE-preview.jpg,1
3,VIT-60120-8.50-GLO-MAR-WHIT-278,MG PIGUES WHITE,Tile Face,MG PIGUES WHITE_P1.jpg,1
3,VIT-60120-8.50-GLO-MAR-WHIT-278,MG PIGUES WHITE,Tile Face,MG PIGUES WHITE_P2.jpg,2
3,VIT-60120-8.50-GLO-MAR-WHIT-278,MG PIGUES WHITE,Tile Face,MG PIGUES WHITE_P3.jpg,3
3,VIT-60120-8.50-GLO-MAR-WHIT-278,MG PIGUES WHITE,Tile Face,MG PIGUES WHITE_P4.jpg,4
3,VIT-60120-8.50-GLO-MAR-WHIT-279,MG RIVANA BEIGE,Mockup,MG RIVANA BEIGE-preview.jpg,1
3,VIT-60120-8.50-GLO-MAR-WHIT-279,MG RIVANA BEIGE,Tile Face,MG RIVANA BEIGE_R1.jpg,1
3,VIT-60120-8.50-GLO-MAR-WHIT-279,MG RIVANA BEIGE,Tile Face,MG RIVANA BEIGE_R2.jpg,2
3,VIT-60120-8.50-GLO-MAR-WHIT-279,MG RIVANA BEIGE,Tile Face,MG RIVANA BEIGE_R3.jpg,3
3,VIT-60120-8.50-GLO-MAR-WHIT-279,MG RIVANA BEIGE,Tile Face,MG RIVANA BEIGE_R4.jpg,4
3,VIT-60120-8.50-GLO-MAR-WHIT-280,MG RIVANA BIANCO,Mockup,MG RIVANA BIANCO-preview.jpg,1
3,VIT-60120-8.50-GLO-MAR-WHIT-280,MG RIVANA BIANCO,Tile Face,MG RIVANA BIANCO_R1.jpg,1
3,VIT-60120-8.50-GLO-MAR-WHIT-280,MG RIVANA BIANCO,Tile Face,MG RIVANA BIANCO_R2.jpg,2
3,VIT-60120-8.50-GLO-MAR-WHIT-280,MG RIVANA BIANCO,Tile Face,MG RIVANA BIANCO_R3.jpg,3
3,VIT-60120-8.50-GLO-MAR-WHIT-280,MG RIVANA BIANCO,Tile Face,MG RIVANA BIANCO_R4.jpg,4
3,VIT-60120-8.50-GLO-MAR-WHIT-281,MG RIVANA BROWN,Mockup,MG RIVANA BROWN-preview.jpg,1
3,VIT-60120-8.50-GLO-MAR-WHIT-281,MG RIVANA BROWN,Tile Face,MG RIVANA BROWN_R1.jpg,1
3,VIT-60120-8.50-GLO-MAR-WHIT-281,MG RIVANA BROWN,Tile Face,MG RIVANA BROWN_R2.jpg,2
3,VIT-60120-8.50-GLO-MAR-WHIT-281,MG RIVANA BROWN,Tile Face,MG RIVANA BROWN_R3.jpg,3
3,VIT-60120-8.50-GLO-MAR-WHIT-281,MG RIVANA BROWN,Tile Face,MG RIVANA BROWN_R4.jpg,4
3,VIT-60120-8.50-GLO-MAR-WHIT-282,MG RIVANA GREY,Mockup,MG RIVANA GREY-preview.jpg,1
3,VIT-60120-8.50-GLO-MAR-WHIT-282,MG RIVANA GREY,Tile Face,MG RIVANA GREY_R1.jpg,1
3,VIT-60120-8.50-GLO-MAR-WHIT-282,MG RIVANA GREY,Tile Face,MG RIVANA GREY_R2.jpg,2
3,VIT-60120-8.50-GLO-MAR-WHIT-282,MG RIVANA GREY,Tile Face,MG RIVANA GREY_R3.jpg,3
3,VIT-60120-8.50-GLO-MAR-WHIT-282,MG RIVANA GREY,Tile Face,MG RIVANA GREY_R4.jpg,4
3,VIT-60120-8.50-GLO-MAR-WHIT-283,MG RIVANA IVORY,Mockup,MG RIVANA IVORY-preview.jpg,1
3,VIT-60120-8.50-GLO-MAR-WHIT-283,MG RIVANA IVORY,Tile Face,MG RIVANA IVORY_R1.jpg,1
3,VIT-60120-8.50-GLO-MAR-WHIT-283,MG RIVANA IVORY,Tile Face,MG RIVANA IVORY_R2.jpg,2
3,VIT-60120-8.50-GLO-MAR-WHIT-283,MG RIVANA IVORY,Tile Face,MG RIVANA IVORY_R3.jpg,3
3,VIT-60120-8.50-GLO-MAR-WHIT-283,MG RIVANA IVORY,Tile Face,MG RIVANA IVORY_R4.jpg,4
3,VIT-60120-8.50-GLO-MAR-WHIT-284,MG RIVANA NATURAL,Mockup,MG RIVANA NATURAL-preview.jpg,1
3,VIT-60120-8.50-GLO-MAR-WHIT-284,MG RIVANA NATURAL,Tile Face,MG RIVANA NATURAL_R1.jpg,1
3,VIT-60120-8.50-GLO-MAR-WHIT-284,MG RIVANA NATURAL,Tile Face,MG RIVANA NATURAL_R2.jpg,2
3,VIT-60120-8.50-GLO-MAR-WHIT-284,MG RIVANA NATURAL,Tile Face,MG RIVANA NATURAL_R3.jpg,3
3,VIT-60120-8.50-GLO-MAR-WHIT-284,MG RIVANA NATURAL,Tile Face,MG RIVANA NATURAL_R4.jpg,4
3,VIT-60120-8.50-GLO-MAR-WHIT-285,MG RIVER GRANTE,Mockup,MG RIVER GRANTE-preview.jpg,1
3,VIT-60120-8.50-GLO-MAR-WHIT-285,MG RIVER GRANTE,Tile Face,MG RIVER GRANTE_P1.jpg,1
3,VIT-60120-8.50-GLO-MAR-WHIT-285,MG RIVER GRANTE,Tile Face,MG RIVER GRANTE_P2.jpg,2
3,VIT-60120-8.50-GLO-MAR-WHIT-285,MG RIVER GRANTE,Tile Face,MG RIVER GRANTE_P3.jpg,3
3,VIT-60120-8.50-GLO-MAR-WHIT-286,MG ROSELL CREMA,Mockup,MG ROSELL CREMA-preview.jpg,1
3,VIT-60120-8.50-GLO-MAR-WHIT-286,MG ROSELL CREMA,Tile Face,MG ROSELL CREMA (VS_22_1004_MG_5)_R1.jpg,1
3,VIT-60120-8.50-GLO-MAR-WHIT-286,MG ROSELL CREMA,Tile Face,MG ROSELL CREMA (VS_22_1004_MG_5)_R2.jpg,2
3,VIT-60120-8.50-GLO-MAR-WHIT-286,MG ROSELL CREMA,Tile Face,MG ROSELL CREMA (VS_22_1004_MG_5)_R3.jpg,3
3,VIT-60120-8.50-GLO-MAR-WHIT-286,MG ROSELL CREMA,Tile Face,MG ROSELL CREMA (VS_22_1004_MG_5)_R4.jpg,4
3,VIT-60120-8.50-GLO-MAR-WHIT-287,MG ROYAL BOTTOCHINO,Mockup,MG ROYAL BOTTOCHINO-preview.jpg,1
3,VIT-60120-8.50-GLO-MAR-WHIT-287,MG ROYAL BOTTOCHINO,Tile Face,MG ROYAL BOTTOCHINO_P1.jpg,1
3,VIT-60120-8.50-GLO-MAR-WHIT-287,MG ROYAL BOTTOCHINO,Tile Face,MG ROYAL BOTTOCHINO_P2.jpg,2
3,VIT-60120-8.50-GLO-MAR-WHIT-287,MG ROYAL BOTTOCHINO,Tile Face,MG ROYAL BOTTOCHINO_P3.jpg,3
3,VIT-60120-8.50-GLO-MAR-WHIT-288,MG SILVER STATUARIO,Mockup,MG SILVER STATUARIO-preview.jpg,1
3,VIT-60120-8.50-GLO-MAR-WHIT-288,MG SILVER STATUARIO,Tile Face,MG SILVER STATUARIO_R1.jpg,1
3,VIT-60120-8.50-GLO-MAR-WHIT-288,MG SILVER STATUARIO,Tile Face,MG SILVER STATUARIO_R2.jpg,2
3,VIT-60120-8.50-GLO-MAR-WHIT-288,MG SILVER STATUARIO,Tile Face,MG SILVER STATUARIO_R3.jpg,3
3,VIT-60120-8.50-GLO-MAR-WHIT-289,MG SPANISH CREMA,Mockup,MG SPANISH CREMA-preview.jpg,1
3,VIT-60120-8.50-GLO-MAR-WHIT-289,MG SPANISH CREMA,Tile Face,MG SPANISH CREMA (GL_MG_23_009_B) R1.jpg,1
3,VIT-60120-8.50-GLO-MAR-WHIT-289,MG SPANISH CREMA,Tile Face,MG SPANISH CREMA (GL_MG_23_009_B) R2.jpg,2
3,VIT-60120-8.50-GLO-MAR-WHIT-289,MG SPANISH CREMA,Tile Face,MG SPANISH CREMA (GL_MG_23_009_B) R3.jpg,3
3,VIT-60120-8.50-GLO-MAR-WHIT-289,MG SPANISH CREMA,Tile Face,MG SPANISH CREMA (GL_MG_23_009_B) R4.jpg,4
3,VIT-60120-8.50-GLO-MAR-WHIT-290,MG SPANISH GREY,Mockup,MG SPANISH GREY-preview.jpg,1
3,VIT-60120-8.50-GLO-MAR-WHIT-290,MG SPANISH GREY,Tile Face,MG SPANISH GREY (GL_MG_23_009_F) R1.jpg,1
3,VIT-60120-8.50-GLO-MAR-WHIT-290,MG SPANISH GREY,Tile Face,MG SPANISH GREY (GL_MG_23_009_F) R2.jpg,2
3,VIT-60120-8.50-GLO-MAR-WHIT-290,MG SPANISH GREY,Tile Face,MG SPANISH GREY (GL_MG_23_009_F) R3.jpg,3
3,VIT-60120-8.50-GLO-MAR-WHIT-290,MG SPANISH GREY,Tile Face,MG SPANISH GREY (GL_MG_23_009_F) R4.jpg,4
3,VIT-60120-8.50-GLO-MAR-WHIT-291,MG SPANISH NATURAL,Mockup,MG SPANISH NATURAL-preview.jpg,1
3,VIT-60120-8.50-GLO-MAR-WHIT-291,MG SPANISH NATURAL,Tile Face,MG SPANISH NATURAL(GL_MG_23_009_A) R1.jpg,1
3,VIT-60120-8.50-GLO-MAR-WHIT-291,MG SPANISH NATURAL,Tile Face,MG SPANISH NATURAL(GL_MG_23_009_A) R2.jpg,2
3,VIT-60120-8.50-GLO-MAR-WHIT-291,MG SPANISH NATURAL,Tile Face,MG SPANISH NATURAL(GL_MG_23_009_A) R3.jpg,3
3,VIT-60120-8.50-GLO-MAR-WHIT-291,MG SPANISH NATURAL,Tile Face,MG SPANISH NATURAL(GL_MG_23_009_A) R4.jpg,4
3,VIT-60120-8.50-GLO-MAR-WHIT-292,MG SYDNEY BEIGE,Mockup,MG SYDNEY BEIGE-preview.jpg,1
3,VIT-60120-8.50-GLO-MAR-WHIT-292,MG SYDNEY BEIGE,Tile Face,MG SYDNEY BEIGE _R1.jpg,1
3,VIT-60120-8.50-GLO-MAR-WHIT-292,MG SYDNEY BEIGE,Tile Face,MG SYDNEY BEIGE _R2.jpg,2
3,VIT-60120-8.50-GLO-MAR-WHIT-292,MG SYDNEY BEIGE,Tile Face,MG SYDNEY BEIGE _R3.jpg,3
3,VIT-60120-8.50-GLO-MAR-WHIT-292,MG SYDNEY BEIGE,Tile Face,MG SYDNEY BEIGE _R4.jpg,4
3,VIT-60120-8.50-GLO-MAR-WHIT-293,MG SYDNEY BIANCO,Mockup,MG SYDNEY BIANCO-preview.jpg,1
3,VIT-60120-8.50-GLO-MAR-WHIT-293,MG SYDNEY BIANCO,Tile Face,MG SYDNEY BIANCO _R1.jpg,1
3,VIT-60120-8.50-GLO-MAR-WHIT-293,MG SYDNEY BIANCO,Tile Face,MG SYDNEY BIANCO _R2.jpg,2
3,VIT-60120-8.50-GLO-MAR-WHIT-293,MG SYDNEY BIANCO,Tile Face,MG SYDNEY BIANCO _R3.jpg,3
3,VIT-60120-8.50-GLO-MAR-WHIT-293,MG SYDNEY BIANCO,Tile Face,MG SYDNEY BIANCO _R4.jpg,4
3,VIT-60120-8.50-GLO-MAR-WHIT-294,MG SYDNEY BROWN,Mockup,MG SYDNEY BROWN-preview.jpg,1
3,VIT-60120-8.50-GLO-MAR-WHIT-294,MG SYDNEY BROWN,Tile Face,MG SYDNEY BROWN _R1.jpg,1
3,VIT-60120-8.50-GLO-MAR-WHIT-294,MG SYDNEY BROWN,Tile Face,MG SYDNEY BROWN _R2.jpg,2
3,VIT-60120-8.50-GLO-MAR-WHIT-294,MG SYDNEY BROWN,Tile Face,MG SYDNEY BROWN _R3.jpg,3
3,VIT-60120-8.50-GLO-MAR-WHIT-294,MG SYDNEY BROWN,Tile Face,MG SYDNEY BROWN _R4.jpg,4
3,VIT-60120-8.50-GLO-MAR-WHIT-295,MG SYDNEY GREY,Mockup,MG SYDNEY GREY-preview.jpg,1
3,VIT-60120-8.50-GLO-MAR-WHIT-295,MG SYDNEY GREY,Tile Face,MG SYDNEY GREY_R1.jpg,1
3,VIT-60120-8.50-GLO-MAR-WHIT-295,MG SYDNEY GREY,Tile Face,MG SYDNEY GREY_R2.jpg,2
3,VIT-60120-8.50-GLO-MAR-WHIT-295,MG SYDNEY GREY,Tile Face,MG SYDNEY GREY_R3.jpg,3
3,VIT-60120-8.50-GLO-MAR-WHIT-295,MG SYDNEY GREY,Tile Face,MG SYDNEY GREY_R4.jpg,4
3,VIT-60120-8.50-GLO-MAR-WHIT-296,MG SYDNEY IVORY,Mockup,MG SYDNEY IVORY-preview.jpg,1
3,VIT-60120-8.50-GLO-MAR-WHIT-296,MG SYDNEY IVORY,Tile Face,MG SYDNEY IVORY_R1.jpg,1
3,VIT-60120-8.50-GLO-MAR-WHIT-296,MG SYDNEY IVORY,Tile Face,MG SYDNEY IVORY_R2.jpg,2
3,VIT-60120-8.50-GLO-MAR-WHIT-296,MG SYDNEY IVORY,Tile Face,MG SYDNEY IVORY_R3.jpg,3
3,VIT-60120-8.50-GLO-MAR-WHIT-296,MG SYDNEY IVORY,Tile Face,MG SYDNEY IVORY_R4.jpg,4
3,VIT-60120-8.50-GLO-MAR-WHIT-297,MG SYDNEY NATURAL,Mockup,MG SYDNEY NATURAL-preview.jpg,1
3,VIT-60120-8.50-GLO-MAR-WHIT-297,MG SYDNEY NATURAL,Tile Face,MG SYDNEY NATURAL_R1.jpg,1
3,VIT-60120-8.50-GLO-MAR-WHIT-297,MG SYDNEY NATURAL,Tile Face,MG SYDNEY NATURAL_R2.jpg,2
3,VIT-60120-8.50-GLO-MAR-WHIT-297,MG SYDNEY NATURAL,Tile Face,MG SYDNEY NATURAL_R3.jpg,3
3,VIT-60120-8.50-GLO-MAR-WHIT-297,MG SYDNEY NATURAL,Tile Face,MG SYDNEY NATURAL_R4.jpg,4
3,VIT-60120-8.50-GLO-MAR-WHIT-298,MG SYDNEY YELLOW,Mockup,MG SYDNEY YELLOW-preview.jpg,1
3,VIT-60120-8.50-GLO-MAR-WHIT-298,MG SYDNEY YELLOW,Tile Face,MG SYDNEY YELLOW_R1.jpg,1
3,VIT-60120-8.50-GLO-MAR-WHIT-298,MG SYDNEY YELLOW,Tile Face,MG SYDNEY YELLOW_R2.jpg,2
3,VIT-60120-8.50-GLO-MAR-WHIT-298,MG SYDNEY YELLOW,Tile Face,MG SYDNEY YELLOW_R3.jpg,3
3,VIT-60120-8.50-GLO-MAR-WHIT-298,MG SYDNEY YELLOW,Tile Face,MG SYDNEY YELLOW_R4.jpg,4
3,VIT-60120-8.50-GLO-MAR-WHIT-299,MG VANILLA ONYX,Mockup,MG VANILLA ONYX-preview.jpg,1
3,VIT-60120-8.50-GLO-MAR-WHIT-299,MG VANILLA ONYX,Tile Face,MG VANILLA ONYX_P1.jpg,1
3,VIT-60120-8.50-GLO-MAR-WHIT-299,MG VANILLA ONYX,Tile Face,MG VANILLA ONYX_P2.jpg,2
3,VIT-60120-8.50-GLO-MAR-WHIT-299,MG VANILLA ONYX,Tile Face,MG VANILLA ONYX_P3.jpg,3
3,VIT-60120-8.50-GLO-MAR-WHIT-299,MG VANILLA ONYX,Tile Face,MG VANILLA ONYX_P4.jpg,4
3,VIT-60120-8.50-GLO-MAR-WHIT-300,MG VERSO SATUARIO,Mockup,MG VERSO SATUARIO-preview.jpg,1
3,VIT-60120-8.50-GLO-MAR-WHIT-300,MG VERSO SATUARIO,Tile Face,MG VERSO SATUARIO_R1.jpg,1
3,VIT-60120-8.50-GLO-MAR-WHIT-300,MG VERSO SATUARIO,Tile Face,MG VERSO SATUARIO_R2.jpg,2
3,VIT-60120-8.50-GLO-MAR-WHIT-300,MG VERSO SATUARIO,Tile Face,MG VERSO SATUARIO_R3.jpg,3
